time,temp,wdir,wspd,wgst,pres,rain
1351363799,62.8,68,9,16.0,29.94,0.00
1351364099,62.9,72,11,22.0,29.94,0.00
1351364397,62.7,56,13,20.0,29.92,0.00
1351364689,62.5,65,10,16.0,29.92,0.00
1351365000,62.4,56,13,14.0,29.92,0.00
1351365297,62.3,54,14,19.0,29.92,0.00
1351365596,62.3,60,7,18.0,29.92,0.00
1351365899,62.1,54,10,16.0,29.92,0.00
1351366198,62,71,17,25.0,29.92,0.00
1351366501,62,53,10,18.0,29.92,0.00
1351366797,61.9,84,9,15.0,29.92,0.00
1351367098,61.8,64,14,16.0,29.92,0.00
1351367400,61.7,63,14,14.0,29.92,0.00
1351367702,61.6,63,9,12.0,29.92,0.00
1351367983,61.6,55,14,15.0,29.91,0.00
1351368300,61.6,70,4,14.0,29.91,0.00
1351368601,61.5,60,7,15.0,29.91,0.00
1351368897,61.4,64,14,14.0,29.91,0.00
1351369197,61.4,70,19,19.0,29.91,0.00
1351369499,61.3,82,10,15.0,29.91,0.00
1351369794,61.3,60,12,16.0,29.91,0.00
1351370099,61.2,77,6,9.0,29.91,0.00
1351370395,61.1,82,6,14.0,29.91,0.00
1351370696,61.1,65,14,14.0,29.91,0.00
1351370997,61,68,5,12.0,29.91,0.00
1351371294,60.9,72,7,10.0,29.91,0.00
1351371595,60.9,68,6,8.0,29.92,0.00
1351371894,60.8,79,9,10.0,29.92,0.00
1351372197,60.8,77,9,12.0,29.92,0.00
1351372495,60.7,43,10,19.0,29.92,0.00
1351372798,60.6,69,12,13.0,29.92,0.00
1351373097,60.5,64,5,9.0,29.92,0.00
1351373400,60.5,72,5,7.0,29.92,0.00
1351373690,60.4,70,7,7.0,29.92,0.00
1351373999,60.3,63,4,8.0,29.92,0.00
1351374284,60.2,64,9,11.0,29.92,0.00
1351374601,60.2,60,5,8.0,29.92,0.00
1351374898,60.1,90,13,14.0,29.92,0.00
1351375196,60,69,6,7.0,29.92,0.00
1351375498,59.9,66,3,6.0,29.92,0.00
1351375793,59.9,71,7,9.0,29.92,0.00
1351376092,59.8,42,5,7.0,29.92,0.00
1351376399,59.7,63,5,7.0,29.92,0.00
1351376701,59.7,34,4,6.0,29.92,0.00
1351376996,59.6,18,6,7.0,29.92,0.00
1351377300,59.5,59,6,6.0,29.92,0.00
1351377599,59.5,53,6,10.0,29.92,0.00
1351377898,59.4,65,5,7.0,29.92,0.00
1351378194,59.3,1,3,9.0,29.92,0.00
1351378499,59.2,33,3,3.0,29.92,0.00
1351378796,59.1,359,2,4.0,29.91,0.00
1351379095,58.9,59,2,3.0,29.91,0.00
1351379398,58.9,67,2,4.0,29.91,0.00
1351379696,58.8,59,5,5.0,29.91,0.00
1351380000,58.8,57,5,7.0,29.91,0.00
1351380283,58.6,63,1,4.0,29.91,0.00
1351380597,58.6,68,5,6.0,29.91,0.00
1351380900,58.6,51,3,4.0,29.91,0.00
1351381200,58.6,81,2,4.0,29.91,0.00
1351381498,58.5,36,3,7.0,29.91,0.00
1351381799,58.5,68,3,6.0,29.91,0.00
1351382100,58.5,57,6,11.0,29.91,0.00
1351382395,58.6,11,3,6.0,29.90,0.00
1351382699,58.6,84,3,3.0,29.90,0.00
1351382999,58.6,72,6,7.0,29.90,0.00
1351383295,58.7,20,2,11.0,29.90,0.00
1351383600,58.8,59,9,12.0,29.90,0.00
1351383899,58.9,85,6,10.0,29.90,0.00
1351384196,59,79,11,14.0,29.90,0.00
1351384499,59.2,65,15,15.0,29.90,0.00
1351384799,59.3,74,10,17.0,29.90,0.00
1351385098,59.3,65,6,10.0,29.90,0.00
1351385400,59.4,68,10,10.0,29.90,0.00
1351385699,59.4,70,7,9.0,29.90,0.00
1351385998,59.5,71,5,10.0,29.89,0.00
1351386301,59.5,60,10,12.0,29.89,0.00
1351386599,59.5,71,9,10.0,29.89,0.00
1351386898,59.5,64,6,12.0,29.89,0.00
1351387201,59.5,77,5,11.0,29.89,0.00
1351387500,59.5,59,6,13.0,29.89,0.00
1351387798,59.5,77,6,9.0,29.89,0.00
1351388102,59.5,59,11,14.0,29.89,0.00
1351388402,59.6,85,10,12.0,29.89,0.00
1351388698,59.6,53,9,13.0,29.89,0.00
1351388999,59.7,53,7,7.0,29.89,0.00
1351389299,59.8,78,15,18.0,29.89,0.00
1351389598,59.9,60,8,12.0,29.88,0.00
1351389895,59.9,72,6,13.0,29.88,0.00
1351390199,60,63,6,10.0,29.88,0.00
1351390497,60,123,6,7.0,29.88,0.00
1351390796,59.9,32,5,17.0,29.88,0.00
1351391100,59.9,64,10,10.0,29.88,0.00
1351391397,59.9,87,14,15.0,29.88,0.00
1351391698,60,55,11,12.0,29.88,0.00
1351392000,59.9,67,13,19.0,29.88,0.00
1351392295,59.9,49,8,13.0,29.88,0.00
1351392601,59.9,63,7,9.0,29.88,0.00
1351392899,59.9,71,13,15.0,29.88,0.00
1351393195,59.9,36,7,13.0,29.87,0.00
1351393498,59.8,75,10,10.0,29.87,0.00
1351393800,59.7,77,8,11.0,29.87,0.00
1351394097,59.7,52,10,16.0,29.87,0.00
1351394401,59.8,49,7,14.0,29.87,0.00
1351394700,59.7,60,10,14.0,29.87,0.00
1351394998,59.7,69,7,8.0,29.87,0.00
1351395299,59.6,63,8,14.0,29.87,0.00
1351395601,59.6,86,6,14.0,29.87,0.00
1351395900,59.5,51,13,13.0,29.87,0.00
1351396201,59.5,69,14,14.0,29.87,0.00
1351396500,59.5,60,6,9.0,29.87,0.00
1351396798,59.5,67,5,10.0,29.86,0.00
1351397102,59.5,79,11,15.0,29.86,0.00
1351397398,59.5,59,9,11.0,29.86,0.00
1351397697,59.5,81,11,14.0,29.86,0.00
1351398001,59.5,60,11,13.0,29.86,0.00
1351398297,59.6,70,9,12.0,29.86,0.00
1351398597,59.6,67,10,10.0,29.86,0.00
1351398901,59.6,56,10,13.0,29.86,0.00
1351399199,59.6,56,15,16.0,29.86,0.00
1351399500,59.7,67,9,12.0,29.86,0.00
1351399800,59.7,59,13,15.0,29.86,0.00
1351400101,59.7,55,5,10.0,29.86,0.00
1351400397,59.7,84,11,13.0,29.84,0.00
1351400699,59.7,67,4,11.0,29.84,0.00
1351401001,59.7,67,11,13.0,29.84,0.00
1351401300,59.7,63,10,16.0,29.84,0.00
1351401601,59.7,55,11,12.0,29.84,0.00
1351401900,59.7,72,10,13.0,29.84,0.00
1351402199,59.7,53,11,13.0,29.84,0.00
1351402499,59.7,82,6,16.0,29.84,0.00
1351402799,59.7,74,6,10.0,29.84,0.00
1351403097,59.7,46,9,12.0,29.84,0.00
1351403401,59.7,70,8,11.0,29.84,0.00
1351403700,59.7,61,10,15.0,29.84,0.00
1351403998,59.8,72,10,10.0,29.83,0.00
1351404300,59.8,89,14,18.0,29.83,0.00
1351404600,59.9,83,18,21.0,29.83,0.00
1351404899,60.1,57,15,18.0,29.83,0.00
1351405200,60.1,79,14,15.0,29.83,0.00
1351405501,60.2,77,11,19.0,29.83,0.00
1351405797,60.2,79,16,16.0,29.83,0.00
1351406100,60.2,57,8,15.0,29.83,0.00
1351406401,60.2,57,18,22.0,29.83,0.00
1351406700,60.2,75,15,21.0,29.83,0.00
1351407003,60.2,73,8,11.0,29.83,0.00
1351407300,60.2,90,12,15.0,29.83,0.00
1351407597,60.2,54,15,17.0,29.83,0.00
1351407897,60.2,51,8,12.0,29.83,0.00
1351408200,60.2,63,11,17.0,29.83,0.00
1351408497,60.1,72,7,13.0,29.83,0.00
1351408799,60.1,59,17,17.0,29.83,0.00
1351409099,60,68,6,9.0,29.83,0.00
1351409400,59.9,64,5,10.0,29.83,0.00
1351409700,59.7,54,15,15.0,29.83,0.00
1351410001,59.7,77,7,16.0,29.83,0.00
1351410301,59.6,51,4,14.0,29.83,0.00
1351410601,59.6,55,5,12.0,29.83,0.00
1351410900,59.5,50,14,14.0,29.80,0.00
1351411199,59.5,63,11,14.0,29.80,0.00
1351411501,59.5,67,16,16.0,29.80,0.00
1351411801,59.5,77,13,15.0,29.80,0.00
1351412101,59.4,64,8,13.0,29.81,0.00
1351412400,59.3,63,9,9.0,29.81,0.00
1351412699,59.3,46,8,11.0,29.81,0.00
1351412998,59.2,69,6,8.0,29.81,0.00
1351413298,59.2,75,11,16.0,29.81,0.00
1351413600,59.1,41,10,11.0,29.81,0.00
1351413899,59.1,57,7,10.0,29.81,0.00
1351414199,59.1,63,10,13.0,29.81,0.00
1351414500,59.1,28,5,16.0,29.81,0.00
1351414799,59.1,46,8,14.0,29.81,0.00
1351415099,59.1,50,6,9.0,29.81,0.00
1351415400,59.1,51,7,14.0,29.79,0.00
1351415698,59.2,68,19,19.0,29.79,0.00
1351416001,59.1,69,8,10.0,29.79,0.00
1351416301,59.1,41,3,9.0,29.79,0.00
1351416599,59.1,77,12,14.0,29.79,0.00
1351416900,59.1,69,13,15.0,29.79,0.00
1351417199,59,53,14,14.0,29.79,0.00
1351417500,58.9,16,11,13.0,29.79,0.00
1351417798,58.9,69,8,16.0,29.79,0.00
1351418099,58.8,89,11,12.0,29.79,0.00
1351418398,58.8,63,16,16.0,29.78,0.00
1351418701,58.8,67,12,15.0,29.78,0.00
1351418998,58.8,59,7,13.0,29.78,0.00
1351419297,58.8,57,4,16.0,29.78,0.00
1351419599,58.8,73,10,14.0,29.78,0.00
1351419901,58.7,20,8,17.0,29.78,0.00
1351420200,58.7,70,14,19.0,29.78,0.00
1351420499,58.7,81,17,23.0,29.78,0.00
1351420801,58.7,65,17,19.0,29.78,0.00
1351421098,58.6,67,15,15.0,29.78,0.00
1351421401,58.6,67,10,16.0,29.78,0.00
1351421701,58.6,74,12,17.0,29.77,0.00
1351421998,58.6,59,18,28.0,29.77,0.00
1351422299,58.7,72,14,16.0,29.77,0.00
1351422601,58.7,91,10,11.0,29.77,0.00
1351422898,58.7,62,13,14.0,29.77,0.00
1351423200,58.7,79,9,16.0,29.77,0.00
1351423500,58.7,20,7,13.0,29.77,0.00
1351423795,58.6,72,13,17.0,29.78,0.00
1351424101,58.4,63,7,25.0,29.78,0.00
1351424399,58.4,59,16,16.0,29.78,0.00
1351424699,58.3,77,10,18.0,29.78,0.00
1351425000,58.3,60,12,20.0,29.78,0.00
1351425298,58.2,72,7,10.0,29.78,0.00
1351425596,58.3,53,7,15.0,29.78,0.00
1351425900,58.3,76,16,17.0,29.79,0.00
1351426198,58.4,79,9,17.0,29.79,0.00
1351426489,58.5,57,14,14.0,29.79,0.00
1351426799,58.4,70,12,17.0,29.79,0.00
1351427097,58.4,88,17,28.0,29.79,0.00
1351427394,58.5,73,5,18.0,29.79,0.00
1351427698,58.5,64,15,17.0,29.79,0.00
1351428001,58.4,52,16,16.0,29.79,0.00
1351428296,58.4,94,7,12.0,29.79,0.00
1351428600,58.4,8,9,17.0,29.79,0.00
1351428898,58.5,65,9,11.0,29.79,0.00
1351429194,58.6,90,10,23.0,29.79,0.00
1351429496,58.8,75,13,16.0,29.79,0.00
1351429799,58.9,59,14,24.0,29.79,0.00
1351430097,59.1,82,6,8.0,29.79,0.00
1351430394,59.2,58,8,23.0,29.79,0.00
1351430696,59.3,71,24,24.0,29.79,0.00
1351430988,59.3,69,13,23.0,29.79,0.00
1351431300,59.4,65,13,22.0,29.79,0.00
1351431599,59.3,54,20,20.0,29.79,0.00
1351431892,59.3,60,11,13.0,29.79,0.00
1351432200,59.2,60,13,17.0,29.79,0.00
1351432470,59,60,23,24.0,29.79,0.00
1351432795,58.8,71,15,24.0,29.76,0.00
1351433097,58.7,72,18,21.0,29.76,0.00
1351433396,58.4,77,6,19.0,29.76,0.00
1351433691,58.2,48,13,24.0,29.76,0.00
1351433981,58.2,79,5,13.0,29.76,0.00
1351434299,58.2,63,7,21.0,29.76,0.00
1351434587,58,81,13,21.0,29.76,0.00
1351434894,57.9,72,13,22.0,29.76,0.00
1351435198,57.8,25,11,18.0,29.76,0.00
1351435495,57.8,89,4,9.0,29.76,0.00
1351435783,57.9,67,7,10.0,29.76,0.00
1351436088,58,51,11,17.0,29.76,0.00
1351436392,58.1,51,7,14.0,29.75,0.00
1351436694,58.2,86,14,14.0,29.75,0.00
1351436954,58.3,72,14,18.0,29.75,0.00
1351437293,58.4,81,6,15.0,29.75,0.00
1351437589,58.4,51,6,14.0,29.75,0.00
1351437897,58.6,82,16,20.0,29.75,0.00
1351438192,58.7,79,12,19.0,29.75,0.00
1351438494,58.7,70,8,21.0,29.75,0.00
1351438800,58.8,92,9,18.0,29.75,0.00
1351439088,58.8,49,9,14.0,29.75,0.00
1351439397,58.9,81,13,17.0,29.75,0.00
1351439696,58.8,72,17,17.0,29.75,0.00
1351439992,58.8,57,14,17.0,29.72,0.00
1351440297,58.8,43,14,21.0,29.72,0.00
1351440598,58.7,52,12,19.0,29.72,0.00
1351440895,58.6,26,7,17.0,29.72,0.00
1351441200,58.4,64,16,19.0,29.72,0.00
1351441498,58.1,32,6,18.0,29.72,0.00
1351441786,57.8,67,3,15.0,29.72,0.00
1351442098,57.5,271,7,12.0,29.72,0.00
1351442399,57.2,65,14,15.0,29.72,0.00
1351442694,57.1,67,14,18.0,29.72,0.00
1351442993,57,57,9,16.0,29.72,0.00
1351443298,56.8,16,12,12.0,29.70,0.00
1351443592,56.7,51,10,10.0,29.70,0.00
1351443895,56.6,47,8,15.0,29.70,0.01
1351444197,56.5,356,5,9.0,29.70,0.01
1351444497,56.5,55,4,10.0,29.70,0.03
1351444800,56.5,77,14,14.0,29.70,0.03
1351445096,56.5,27,11,14.0,29.70,0.03
1351445394,56.5,53,7,8.0,29.70,0.03
1351445701,56.5,44,7,10.0,29.70,0.05
1351445997,56.5,33,6,10.0,29.70,0.05
1351446297,56.6,79,8,11.0,29.70,0.05
1351446600,56.6,54,4,10.0,29.70,0.05
1351446899,56.6,78,18,18.0,29.70,0.07
1351447189,56.6,56,6,8.0,29.69,0.07
1351447454,56.5,40,7,7.0,29.69,0.09
1351447796,56.6,77,8,11.0,29.69,0.09
1351448093,56.6,37,12,21.0,29.69,0.11
1351448395,56.6,51,8,23.0,29.68,0.11
1351448693,56.5,46,14,17.0,29.68,0.11
1351448994,56.5,63,14,16.0,29.65,0.11
1351449299,56.5,8,8,30.0,29.65,0.11
1351449601,56.6,57,17,17.0,29.65,0.11
1351449891,56.6,77,8,14.0,29.65,0.11
1351450190,56.6,53,7,12.0,29.65,0.11
1351450497,56.5,72,14,16.0,29.65,0.11
1351450793,56.5,72,8,8.0,29.65,0.11
1351451091,56.5,27,6,18.0,29.65,0.11
1351451389,56.4,63,9,15.0,29.65,0.11
1351451680,56.4,55,18,18.0,29.65,0.11
1351451998,56.4,74,13,20.0,29.65,0.13
1351452296,56.3,26,8,19.0,29.65,0.13
1351452593,56.2,82,3,11.0,29.65,0.14
1351452897,56.2,67,8,8.0,29.65,0.14
1351453197,56.1,90,3,15.0,29.65,0.15
1351453492,56.1,57,12,15.0,29.65,0.15
1351453794,56.2,26,9,13.0,29.65,0.15
1351454093,56.1,63,11,11.0,29.65,0.17
1351454390,56.1,53,16,17.0,29.65,0.18
1351454691,56.1,66,6,12.0,29.64,0.18
1351454995,56.1,46,5,12.0,29.64,0.18
1351455286,56.1,5,10,18.0,29.64,0.18
1351455597,56.1,49,3,14.0,29.64,0.20
1351455895,56,46,5,11.0,29.64,0.22
1351456197,56,53,10,14.0,29.64,0.23
1351456492,56.1,77,12,17.0,29.64,0.23
1351456799,56.2,30,5,16.0,29.64,0.25
1351457093,56.1,40,6,14.0,29.63,0.27
1351457395,56.1,45,13,15.0,29.63,0.27
1351457685,56.2,74,16,18.0,29.63,0.29
1351457992,56.2,75,10,15.0,29.63,0.30
1351458295,56.1,67,11,15.0,29.63,0.30
1351458602,56.1,44,13,13.0,29.63,0.33
1351458895,56.1,69,6,11.0,29.63,0.33
1351459184,56.1,42,9,13.0,29.63,0.35
1351459484,56.1,88,17,17.0,29.63,0.36
1351459786,56,79,9,14.0,29.63,0.38
1351460099,56,81,6,12.0,29.61,0.38
1351460399,56,64,12,13.0,29.61,0.40
1351460691,55.9,57,6,13.0,29.61,0.40
1351461000,55.9,63,13,25.0,29.61,0.40
1351461296,55.9,78,20,20.0,29.61,0.40
1351461593,55.9,59,17,17.0,29.62,0.40
1351461896,55.9,63,11,13.0,29.62,0.40
1351462200,56,48,10,15.0,29.62,0.42
1351462493,56,65,11,16.0,29.62,0.43
1351462798,56,60,15,18.0,29.62,0.43
1351463096,56,64,8,20.0,29.62,0.45
1351463393,56,79,8,20.0,29.62,0.45
1351463697,56,262,3,9.0,29.62,0.46
1351464000,55.9,79,5,16.0,29.62,0.46
1351464267,55.9,60,11,17.0,29.62,0.46
1351464594,55.9,67,9,17.0,29.62,0.46
1351464898,55.9,19,14,26.0,29.62,0.46
1351465197,56,37,3,18.0,29.61,0.48
1351465498,56.1,51,21,22.0,29.61,0.51
1351465797,56.1,70,15,26.0,29.61,0.51
1351466086,56.1,51,9,24.0,29.61,0.53
1351466396,56.1,63,14,18.0,29.61,0.53
1351466686,56.1,60,8,17.0,29.61,0.54
1351466997,56.1,83,16,18.0,29.61,0.54
1351467297,56.1,96,20,21.0,29.61,0.54
1351467599,56.1,22,6,12.0,29.61,0.54
1351467898,56,71,11,22.0,29.61,0.54
1351468198,56,58,10,17.0,29.61,0.54
1351468501,55.9,76,21,23.0,29.61,0.54
1351468792,55.9,115,10,13.0,29.61,0.54
1351469095,55.9,71,11,20.0,29.59,0.54
1351469397,56,82,7,18.0,29.59,0.54
1351469685,56,57,14,15.0,29.59,0.54
1351469998,56,73,17,21.0,29.59,0.54
1351470280,55.9,67,6,15.0,29.59,0.54
1351470591,56,53,14,23.0,29.59,0.54
1351470899,55.9,33,16,16.0,29.59,0.54
1351471199,55.9,77,12,25.0,29.59,0.56
1351471495,55.9,49,12,30.0,29.58,0.56
1351471832,55.9,56,14,14.0,29.58,0.56
1351472100,55.9,86,7,18.0,29.58,0.56
1351472393,55.8,69,13,14.0,29.57,0.56
1351472690,55.7,18,6,15.0,29.57,0.56
1351473000,55.6,44,10,24.0,29.57,0.56
1351473295,55.6,67,20,26.0,29.57,0.58
1351473600,55.7,74,13,13.0,29.57,0.60
1351473899,55.6,68,17,19.0,29.57,0.60
1351474194,55.7,77,9,16.0,29.57,0.60
1351474501,55.6,26,8,19.0,29.57,0.60
1351474799,55.7,61,11,16.0,29.57,0.60
1351475099,55.7,315,9,22.0,29.57,0.60
1351475696,55.5,65,25,28.0,29.58,0.62
1351475995,55.3,84,19,19.0,29.58,0.64
1351476301,55.2,77,11,25.0,29.58,0.64
1351476596,55.3,69,14,22.0,29.58,0.64
1351476895,55.3,67,13,29.0,29.58,0.64
1351477199,55.3,44,12,21.0,29.58,0.64
1351477498,55.5,39,11,15.0,29.56,0.64
1351477797,55.5,77,8,18.0,29.56,0.64
1351478098,55.4,57,13,24.0,29.56,0.64
1351478400,55.5,53,10,28.0,29.56,0.64
1351478698,55.6,74,22,22.0,29.56,0.64
1351478999,55.7,40,17,31.0,29.56,0.64
1351479299,55.8,70,31,31.0,29.56,0.64
1351479599,55.7,105,5,17.0,29.55,0.64
1351479899,55.8,67,11,21.0,29.55,0.64
1351480199,55.9,63,13,19.0,29.55,0.64
1351480495,56,75,15,18.0,29.55,0.64
1351480800,56,36,13,28.0,29.55,0.64
1351481100,56.1,73,17,22.0,29.55,0.64
1351481397,56.3,51,21,21.0,29.55,0.64
1351481697,56.3,68,8,29.0,29.55,0.64
1351482000,56.3,60,5,18.0,29.55,0.64
1351482298,56.4,84,26,28.0,29.55,0.64
1351482597,56.5,51,18,24.0,29.55,0.64
1351482900,56.5,53,17,31.0,29.55,0.64
1351483195,56.6,148,21,21.0,29.53,0.00
1351483496,56.5,56,18,26.0,29.53,0.00
1351483801,56,63,9,17.0,29.53,0.00
1351484096,55.3,68,12,22.0,29.53,0.02
1351484400,55,61,21,25.0,29.53,0.02
1351484699,54.9,50,9,11.0,29.53,0.04
1351484996,54.9,77,11,21.0,29.53,0.04
1351485300,55,60,13,14.0,29.53,0.04
1351485601,55,16,13,19.0,29.53,0.04
1351485898,55,348,8,20.0,29.53,0.04
1351486200,54.9,59,17,28.0,29.53,0.05
1351486499,54.7,68,13,13.0,29.53,0.05
1351486798,54.5,51,10,20.0,29.49,0.05
1351487101,54.4,29,12,23.0,29.49,0.07
1351487400,54.3,36,11,14.0,29.49,0.07
1351487700,54.3,66,11,20.0,29.49,0.07
1351488000,54.2,53,15,22.0,29.49,0.09
1351488299,54.1,16,11,18.0,29.49,0.09
1351488598,54,74,9,18.0,29.49,0.09
1351488900,53.9,57,13,18.0,29.49,0.09
1351489201,53.8,77,5,14.0,29.49,0.11
1351489499,53.7,79,9,19.0,29.49,0.11
1351489800,53.6,67,7,17.0,29.49,0.13
1351490101,53.5,56,10,10.0,29.49,0.14
1351490399,53.4,77,12,16.0,29.46,0.15
1351490700,53.4,44,9,17.0,29.46,0.15
1351491000,53.2,40,17,19.0,29.46,0.17
1351491299,53.2,13,14,16.0,29.46,0.18
1351491599,53.1,354,6,9.0,29.46,0.18
1351491902,52.9,50,14,14.0,29.44,0.20
1351492198,52.7,44,23,24.0,29.44,0.23
1351492501,52.6,138,5,14.0,29.44,0.25
1351492801,52.5,18,15,16.0,29.44,0.25
1351493098,52.4,9,10,20.0,29.44,0.27
1351493399,52.4,79,4,15.0,29.44,0.29
1351493698,52.4,26,16,20.0,29.44,0.30
1351493998,52.3,63,11,18.0,29.42,0.32
1351494299,52.2,51,9,17.0,29.42,0.33
1351494601,52.2,65,3,20.0,29.42,0.35
1351494899,52.2,37,5,13.0,29.42,0.36
1351495200,52.2,55,8,16.0,29.42,0.38
1351495499,52.2,53,13,13.0,29.42,0.38
1351495800,52.1,26,18,21.0,29.42,0.40
1351496100,52.1,20,19,20.0,29.42,0.40
1351496400,52.1,18,10,15.0,29.42,0.42
1351496701,52.1,45,13,16.0,29.42,0.43
1351497000,52.1,33,12,17.0,29.42,0.43
1351497301,52,30,6,17.0,29.42,0.45
1351497597,51.9,44,11,23.0,29.36,0.46
1351497900,51.8,7,18,21.0,29.36,0.48
1351498200,51.7,56,8,18.0,29.36,0.49
1351498499,51.6,70,10,24.0,29.36,0.51
1351498799,51.5,26,11,22.0,29.36,0.54
1351499101,51.4,92,10,23.0,29.33,0.56
1351499398,51.4,26,20,20.0,29.33,0.58
1351499698,51.3,20,20,23.0,29.32,0.60
1351500000,51.2,27,8,21.0,29.32,0.62
1351500300,51.2,24,10,22.0,29.32,0.64
1351500598,51.2,16,15,21.0,29.32,0.66
1351500900,51.1,20,20,22.0,29.32,0.70
1351501196,51,30,13,22.0,29.31,0.72
1351501499,51,20,9,20.0,29.31,0.76
1351501798,51,354,12,20.0,29.31,0.79
1351502096,51,89,6,12.0,29.30,0.81
1351502395,50.9,51,10,17.0,29.30,0.85
1351502700,50.9,343,11,21.0,29.30,0.87
1351502999,51,26,18,22.0,29.30,0.89
1351503301,51,59,21,23.0,29.30,0.91
1351503601,51,352,19,32.0,29.30,0.91
1351503899,51.1,36,16,18.0,29.30,0.91
1351504200,51.2,12,9,10.0,29.30,0.93
1351504501,51.2,36,17,22.0,29.26,0.95
1351504795,51.3,74,16,16.0,29.26,0.95
1351505101,51.3,5,11,38.0,29.26,0.97
1351505399,51.3,49,11,18.0,29.26,1.01
1351505698,51.4,358,23,23.0,29.26,1.03
1351506001,51.4,11,18,18.0,29.24,1.05
1351506300,51.4,26,19,19.0,29.24,1.05
1351506598,51.4,11,9,17.0,29.24,1.07
1351506900,51.4,356,12,18.0,29.24,1.09
1351507199,51.5,12,20,24.0,29.24,1.11
1351507498,51.5,339,27,27.0,29.24,1.13
1351507801,51.5,59,9,18.0,29.24,1.17
1351508097,51.5,37,11,17.0,29.24,1.19
1351508395,51.6,33,11,16.0,29.21,1.21
1351508700,51.6,13,11,20.0,29.21,1.23
1351509000,51.7,15,18,21.0,29.21,1.27
1351509297,51.7,14,13,18.0,29.21,1.29
1351509586,51.7,20,13,26.0,29.21,1.31
1351509901,51.8,54,12,27.0,29.21,1.32
1351510195,51.9,41,17,17.0,29.21,1.34
1351510489,51.9,356,4,23.0,29.21,1.34
1351510800,52,26,13,19.0,29.19,1.36
1351511082,52.1,16,11,12.0,29.19,1.36
1351511400,52.1,1,5,21.0,29.19,1.36
1351511700,52.2,43,7,23.0,29.19,1.36
1351511987,52.3,33,9,13.0,29.18,1.38
1351512295,52.4,9,20,25.0,29.18,1.38
1351512598,52.5,338,6,15.0,29.18,1.40
1351512891,52.6,56,12,22.0,29.18,1.40
1351513197,52.6,18,14,14.0,29.17,1.42
1351513495,52.7,356,23,23.0,29.17,1.44
1351513763,52.8,30,17,28.0,29.17,1.48
1351514098,52.9,70,15,21.0,29.17,1.50
1351514393,52.9,70,9,23.0,29.17,1.52
1351514676,53,39,10,11.0,29.17,1.54
1351514998,53,25,11,18.0,29.17,1.56
1351515293,53,29,12,14.0,29.13,1.57
1351515592,53,15,10,25.0,29.12,1.59
1351515850,53.1,354,10,18.0,29.11,1.59
1351516186,53.1,12,10,10.0,29.11,1.61
1351516494,53.2,16,17,18.0,29.10,1.63
1351516773,53.2,116,7,9.0,29.09,1.63
1351517096,53.2,12,11,17.0,29.09,1.65
1351517380,53.2,29,19,30.0,29.09,1.67
1351517698,53.3,40,12,24.0,29.09,1.67
1351517992,53.3,10,5,13.0,29.09,1.71
1351518282,53.4,70,12,20.0,29.09,1.73
1351518570,53.4,44,19,19.0,29.09,1.75
1351518899,53.5,43,17,23.0,29.09,1.77
1351519169,53.5,55,19,20.0,29.04,1.79
1351519453,53.6,41,13,16.0,29.04,1.81
1351519796,53.7,46,13,21.0,29.04,1.82
1351520095,53.7,49,7,8.0,29.04,1.84
1351520388,53.8,51,9,10.0,29.02,1.86
1351520697,53.8,34,18,24.0,29.02,1.88
1351520990,54,33,10,14.0,29.02,1.90
1351521298,54.1,1,13,27.0,29.02,1.92
1351521596,54.3,67,5,22.0,29.02,1.94
1351521889,54.4,72,11,19.0,29.02,1.96
1351522200,54.6,67,6,13.0,29.02,1.96
1351522499,54.7,53,14,25.0,28.97,1.98
1351522762,54.9,79,10,14.0,28.96,2.00
1351523092,55.1,51,12,12.0,28.96,2.02
1351523400,55.2,12,15,20.0,28.96,2.02
1351523689,55.3,15,28,28.0,28.96,2.04
1351523991,55.4,94,17,20.0,28.96,2.06
1351524297,55.5,32,14,25.0,28.96,2.08
1351524577,55.6,22,6,10.0,28.96,2.12
1351524894,55.7,75,8,19.0,28.91,2.15
1351525200,55.9,8,20,20.0,28.91,2.15
1351525485,56,49,9,23.0,28.91,2.17
1351525796,56.1,103,18,20.0,28.91,2.19
1351526091,56.2,16,17,21.0,28.91,2.25
1351526394,56.2,6,16,24.0,28.86,2.27
1351526675,56.3,44,20,27.0,28.86,2.31
1351526995,56.4,19,24,24.0,28.86,2.35
1351527281,56.5,51,22,26.0,28.86,2.38
1351527594,56.6,69,18,30.0,28.86,2.42
1351527871,56.7,13,8,10.0,28.86,2.42
1351528182,56.7,26,12,28.0,28.86,2.44
1351528470,56.7,19,19,24.0,28.86,2.46
1351528795,56.8,40,23,29.0,28.86,2.48
1351529086,56.8,12,27,27.0,28.80,2.50
1351529399,57,26,14,25.0,28.77,2.52
1351529658,57,22,37,37.0,28.77,2.54
1351529986,57.1,85,10,29.0,28.74,2.56
1351530292,57.2,26,16,28.0,28.74,2.56
1351530578,57.2,24,9,19.0,28.74,2.58
1351530885,57.3,47,20,20.0,28.72,2.60
1351531124,57.6,32,28,28.0,28.69,2.69
1351531195,57.6,356,16,22.0,28.72,2.62
1351531494,57.6,32,13,20.0,28.69,2.63
1351531790,57.7,8,24,26.0,28.69,2.65
1351532382,57.8,47,19,19.0,28.69,2.71
1351532696,57.8,70,17,33.0,28.64,2.73
1351532999,57.9,33,25,38.0,28.64,2.77
1351533290,57.9,34,21,30.0,28.64,2.79
1351533579,58,57,14,26.0,28.64,2.81
1351533842,58.1,27,17,35.0,28.61,2.83
1351534192,58.1,14,33,33.0,28.61,2.85
1351534495,58.1,30,6,28.0,28.61,2.87
1351534797,58.1,41,28,28.0,28.61,2.92
1351535098,58.1,60,17,37.0,28.55,2.94
1351535381,58.3,32,20,24.0,28.55,2.96
1351535697,58.5,64,13,36.0,28.55,2.98
1351536294,58.7,359,10,28.0,28.55,3.02
1351536598,58.8,18,19,28.0,28.55,3.08
1351536897,59,64,40,40.0,28.55,3.10
1351537187,59,26,16,27.0,28.48,3.13
1351537491,59,16,29,31.0,28.48,3.17
1351537771,59.1,37,15,15.0,28.48,3.25
1351538095,59.1,54,9,23.0,28.48,3.29
1351538388,59.2,68,17,29.0,28.41,3.33
1351538697,59.3,62,13,38.0,28.41,3.35
1351538973,59.5,346,17,17.0,28.41,3.38
1351539235,59.6,33,16,33.0,28.37,3.42
1351539595,59.8,13,15,34.0,28.37,3.48
1351539900,59.8,16,28,35.0,28.37,3.52
1351540198,59.9,69,18,35.0,28.37,3.58
1351540483,59.9,49,9,15.0,28.37,3.62
1351540782,60,44,31,37.0,28.31,3.65
1351541013,60.1,22,39,39.0,28.31,3.67
1351541392,60.2,58,24,30.0,28.31,3.67
1351541682,60.6,60,31,33.0,28.31,3.67
1351541993,61.1,20,15,48.0,28.31,3.67
1351542298,61.4,65,28,43.0,28.27,3.67
1351542578,61.6,67,20,36.0,28.27,3.67
1351542899,61.8,60,45,64.0,28.27,3.67
1351543196,62,66,15,41.0,28.27,3.67
1351543467,62.1,77,34,40.0,28.27,3.67
1351543797,62.3,49,26,36.0,28.27,3.67
1351544094,62.5,65,22,36.0,28.27,3.67
1351545281,62.8,356,8,20.0,28.15,3.67
1351545593,62.9,57,28,35.0,28.16,3.67
1351545880,62.9,56,37,49.0,28.16,3.67
1351546187,62.8,64,27,29.0,28.16,3.67
1351546499,62.9,44,19,23.0,28.16,3.67
1351546780,63,39,23,24.0,28.14,3.67
1351547089,63,40,14,19.0,28.14,3.67
1351547377,63,77,21,39.0,28.14,3.67
1351547677,62.9,49,27,27.0,28.14,3.67
1351548593,62.6,56,11,26.0,28.09,3.67
1351548871,62.4,51,9,26.0,28.09,3.67
1351549198,62.3,75,12,24.0,28.07,3.67
1351549496,62.2,56,26,26.0,28.07,3.67
1351549794,62.1,37,9,16.0,28.07,3.67
1351550096,62,49,27,27.0,28.07,3.67
1351550394,62,23,16,25.0,28.07,3.67
1351550694,62,68,8,22.0,28.01,3.67
1351551000,62,53,8,15.0,28.01,3.67
1351551300,61.9,65,19,21.0,28.01,3.67
1351551593,61.6,67,24,34.0,28.01,3.67
1351551899,60.4,40,11,23.0,28.01,3.67
1351552800,58.3,56,22,22.0,28.02,3.67
1351553098,58.2,61,8,12.0,28.02,3.67
1351553385,58.1,49,11,19.0,28.02,3.67
1351553697,58,12,10,15.0,28.02,3.67
1351554000,58,56,4,11.0,28.02,3.67
1351554295,58.2,16,10,12.0,28.02,3.67
1351554601,58.2,44,7,14.0,28.02,3.67
1351554896,58.3,339,8,10.0,28.02,3.67
1351557600,58.2,224,18,18.0,28.09,3.71
1351557898,58.2,160,14,20.0,28.09,3.71
1351558199,58.1,201,12,13.0,28.14,3.71
1351558499,57.9,222,22,23.0,28.14,3.71
1351561348,52.5,207,35,35.0,28.37,3.71
1351561800,52.1,225,43,47.0,28.37,3.71
1351562088,51.9,195,23,39.0,28.37,3.71
1351562395,51.6,228,26,36.0,28.43,3.71
1351562697,51.6,203,38,43.0,28.43,3.71
1351562995,51.4,248,30,30.0,28.48,3.71
1351563295,51.4,150,22,36.0,28.48,3.71
1351563600,51.5,205,30,42.0,28.48,3.71
1351563901,51.4,210,25,34.0,28.48,3.71
1351564198,51.2,222,31,38.0,28.48,3.71
1351564498,51,207,15,26.0,28.48,3.71
1351564800,51.4,218,34,42.0,28.48,3.71
1351565098,50.8,194,23,41.0,28.48,3.71
1351565401,50.5,222,28,48.0,28.48,3.71
1351565699,50.4,195,26,33.0,28.48,3.71
1351565998,50.3,212,39,54.0,28.63,3.71
1351566299,50.2,217,40,40.0,28.63,3.71
1351566601,50.2,213,25,61.0,28.63,3.71
1351566894,50.3,210,29,35.0,28.68,3.71
1351567198,50.4,218,22,33.0,28.68,3.71
1351567500,50.4,212,17,39.0,28.68,3.71
1351567798,50.4,210,24,35.0,28.68,3.71
1351568100,50.1,201,29,38.0,28.68,3.71
1351568401,49.9,190,26,50.0,28.68,3.71
1351568698,49.7,204,37,46.0,28.68,3.71
1351569000,49.8,191,16,38.0,28.68,3.71
1351569301,49.8,211,43,44.0,28.68,3.71
1351569599,49.8,248,28,46.0,28.77,0.00
1351569895,49.8,214,30,39.0,28.77,0.00
1351570200,49.6,212,20,31.0,28.77,0.00
1351570499,49.4,183,20,33.0,28.77,0.00
1351570800,49.2,198,23,31.0,28.77,0.00
1351571099,49.1,221,27,43.0,28.77,0.00
1351571400,48.9,216,34,34.0,28.77,0.00
1351571700,48.9,210,25,25.0,28.77,0.00
1351572001,48.8,207,25,33.0,28.77,0.00
1351572089,48.8,231,23,24.0,28.77,0.00
1351572089,48.8,231,23,24.0,28.77,0.00
1351572089,48.8,231,23,24.0,28.77,0.00
1351572089,48.8,231,23,24.0,28.88,0.00
1351572089,48.8,231,23,24.0,28.89,0.00
1351572089,48.8,231,23,24.0,28.89,0.00
1351572089,48.8,231,23,24.0,28.89,0.00
1351572089,48.8,231,23,24.0,28.89,0.00
1351572089,48.8,231,23,24.0,28.89,0.00
1351572089,48.8,231,23,24.0,28.89,0.00
1351572089,48.8,231,23,24.0,28.89,0.00
1351572089,48.8,231,23,24.0,28.89,0.00
1351573200,50,182,1,35.0,28.89,-999.00
1351573200,50,182,1,35.0,28.89,-999.00
1351574700,52,172,35,52.0,28.89,4.27
1351574700,52,172,35,52.0,28.97,4.27
1351574700,52,172,35,52.0,28.97,4.27
1351574700,52,172,35,52.0,28.97,4.27
1351574700,52,172,35,52.0,28.97,4.27
1351574700,52,172,35,52.0,28.97,4.27
1351576800,49,198,11,28.0,28.97,-999.00
1351576800,49,198,11,28.0,28.97,-999.00
1351576800,49,198,11,28.0,28.97,-999.00
1351576800,49,198,11,28.0,29.01,-999.00
1351576800,49,198,11,28.0,29.01,-999.00
1351576800,49,198,11,28.0,29.01,-999.00
1351578300,51,177,25,46.0,29.01,4.14
1351578300,51,177,25,46.0,29.03,4.14
1351578300,51,177,25,46.0,29.03,4.14
1351578300,51,177,25,46.0,29.03,4.14
1351578300,51,177,25,46.0,29.03,4.14
1351578300,51,177,25,46.0,29.03,4.14
1351580400,49,149,5,19.0,29.03,-999.00
1351580400,49,149,5,19.0,29.03,-999.00
1351580400,49,149,5,19.0,29.03,-999.00
1351580400,49,149,5,19.0,29.03,-999.00
1351580400,49,149,5,19.0,29.03,-999.00
1351580400,49,149,5,19.0,29.03,-999.00
1351581900,50,183,17,39.0,29.03,4.05
1351581900,50,183,17,39.0,29.07,4.05
1351581900,50,183,17,39.0,29.07,4.05
1351581900,50,183,17,39.0,29.07,4.05
1351581900,50,183,17,39.0,29.07,4.05
1351581900,50,183,17,39.0,29.07,4.05
1351584000,48,169,5,14.0,29.07,-999.00
1351584000,48,169,5,14.0,29.07,-999.00
1351584000,48,169,5,14.0,29.07,-999.00
1351584000,48,169,5,14.0,29.07,-999.00
1351584000,48,169,5,14.0,29.07,-999.00
1351584000,48,169,5,14.0,29.07,-999.00
1351585500,49,184,13,28.0,29.07,3.91
1351585500,49,184,13,28.0,29.11,3.91
1351585500,49,184,13,28.0,29.11,3.91
1351585500,49,184,13,28.0,29.11,3.91
1351585500,49,184,13,28.0,29.11,3.91
1351585500,49,184,13,28.0,29.11,3.91
1351587600,48,110,0,16.0,29.11,-999.00
1351587600,48,110,0,16.0,29.11,-999.00
1351587600,48,110,0,16.0,29.11,-999.00
1351587600,48,110,0,16.0,29.11,-999.00
1351587600,48,110,0,16.0,29.11,-999.00
1351587600,48,110,0,16.0,29.11,-999.00
1351589100,49,191,12,27.0,29.11,3.67
1351589100,49,191,12,27.0,29.14,3.67
1351589100,49,191,12,27.0,29.14,3.67
1351589100,49,191,12,27.0,29.14,3.67
1351589100,49,191,12,27.0,29.14,3.67
1351589100,49,191,12,27.0,29.14,3.67
1351591200,49,175,9,21.0,29.14,-999.00
1351591200,49,175,9,21.0,29.15,-999.00
1351591200,49,175,9,21.0,29.15,-999.00
1351591200,49,175,9,21.0,29.15,-999.00
1351591200,49,175,9,21.0,29.15,-999.00
1351591200,49,175,9,21.0,29.15,-999.00
1351592700,50,185,13,27.0,29.15,3.57
1351592700,50,185,13,27.0,29.18,3.57
1351592700,50,185,13,27.0,29.18,3.57
1351592700,50,185,13,27.0,29.18,3.57
1351592700,50,185,13,27.0,29.18,3.57
1351592700,50,185,13,27.0,29.18,3.57
1351594800,48,217,6,16.0,29.18,-999.00
1351594800,48,217,6,16.0,29.18,-999.00
1351594800,48,217,6,16.0,29.20,-999.00
1351594800,48,217,6,16.0,29.20,-999.00
1351594800,48,217,6,16.0,29.20,-999.00
1351594800,48,217,6,16.0,29.20,-999.00
1351596300,51,174,26,37.0,29.20,3.34
1351596300,51,174,26,37.0,29.22,3.34
1351596300,51,174,26,37.0,29.22,3.34
1351596300,51,174,26,37.0,29.22,3.34
1351596300,51,174,26,37.0,29.22,3.34
1351596300,51,174,26,37.0,29.22,3.34
1351598400,50,111,1,19.0,29.22,-999.00
1351598400,50,111,1,19.0,29.22,-999.00
1351598400,50,111,1,19.0,29.24,-999.00
1351598400,50,111,1,19.0,29.24,-999.00
1351598400,50,111,1,19.0,29.25,-999.00
1351598400,50,111,1,19.0,29.25,-999.00
1351599900,51,180,19,36.0,29.25,3.22
1351599900,51,180,19,36.0,29.26,3.22
1351599900,51,180,19,36.0,29.26,3.22
1351599900,51,180,19,36.0,29.27,3.22
1351599900,51,180,19,36.0,29.27,3.22
1351599900,51,180,19,36.0,29.27,3.22
1351602000,50,126,0,21.0,29.27,-999.00
1351602000,50,126,0,21.0,29.27,-999.00
1351602000,50,126,0,21.0,29.27,-999.00
1351602000,50,126,0,21.0,29.27,-999.00
1351602000,50,126,0,21.0,29.27,-999.00
1351602000,50,126,0,21.0,29.27,-999.00
1351603500,52,175,25,40.0,29.27,3.00
1351603500,52,175,25,40.0,29.29,3.00
1351603500,52,175,25,40.0,29.29,3.00
1351603500,52,175,25,40.0,29.29,3.00
1351603500,52,175,25,40.0,29.29,3.00
1351603500,52,175,25,40.0,29.29,3.00
1351605600,48,258,1,21.0,29.30,-999.00
1351605600,48,258,1,21.0,29.30,-999.00
1351605600,48,258,1,21.0,29.30,-999.00
1351605600,48,258,1,21.0,29.30,-999.00
1351605600,48,258,1,21.0,29.30,-999.00
1351605600,48,258,1,21.0,29.30,-999.00
1351607100,51,189,18,37.0,29.30,2.77
1351609188,47.8,214,10,12.0,29.32,0.23
1351609498,47.8,224,16,21.0,29.32,0.25
1351609791,47.8,231,18,18.0,29.32,0.27
1351610098,47.6,216,15,15.0,29.32,0.30
1351610396,47.5,231,16,20.0,29.32,0.30
1351610698,47.7,218,17,17.0,29.32,0.30
1351610998,47.9,226,22,28.0,29.32,0.30
1351611298,47.8,248,14,24.0,29.32,0.30
1351611601,47.6,251,14,15.0,29.32,0.30
1351611897,47.3,236,14,15.0,29.32,0.30
1351612198,47.1,232,11,14.0,29.32,0.32
1351612499,46.9,278,9,10.0,29.32,0.32
1351612794,46.8,232,12,15.0,29.36,0.32
1351613101,46.8,222,11,11.0,29.36,0.33
1351613401,46.8,265,6,12.0,29.36,0.33
1351613698,46.8,248,4,5.0,29.36,0.33
1351614000,46.8,244,11,15.0,29.36,0.33
1351614299,46.7,243,12,14.0,29.36,0.33
1351614595,46.7,257,6,11.0,29.36,0.33
1351614899,46.6,221,8,11.0,29.36,0.33
1351615198,46.6,283,9,11.0,29.36,0.33
1351615496,46.6,214,5,9.0,29.36,0.33
1351615799,46.6,218,8,11.0,29.36,0.33
1351616099,46.5,249,11,11.0,29.36,0.33
1351616398,46.5,255,8,12.0,29.37,0.33
1351616700,46.5,256,7,8.0,29.37,0.33
1351616998,46.4,231,4,6.0,29.37,0.33
1351617298,46.4,248,11,13.0,29.37,0.33
1351617597,46.3,233,9,9.0,29.37,0.33
1351617901,46.3,239,8,9.0,29.37,0.33
1351618196,46.3,229,2,7.0,29.37,0.33
1351618498,46.3,244,6,6.0,29.37,0.33
1351618799,46.3,248,7,7.0,29.37,0.33
1351619099,46.4,239,8,9.0,29.37,0.33
1351619397,46.4,246,8,10.0,29.37,0.33
1351619697,46.5,255,10,15.0,29.37,0.33
1351619996,46.6,226,10,10.0,29.38,0.33
1351620299,46.7,233,6,10.0,29.38,0.33
1351620598,46.8,226,9,11.0,29.38,0.33
1351620898,47,252,5,7.0,29.38,0.33
1351621197,47.2,263,3,6.0,29.38,0.33
1351621499,47.3,236,7,10.0,29.38,0.33
1351621794,47.5,219,5,7.0,29.38,0.33
1351622099,47.7,255,7,8.0,29.38,0.33
1351622400,47.9,231,13,18.0,29.38,0.33
1351622698,48.1,224,9,17.0,29.38,0.33
1351623001,48.2,239,11,14.0,29.38,0.33
1351623299,48.3,217,18,19.0,29.38,0.33
1351623596,48.4,231,13,14.0,29.39,0.33
1351623895,48.6,200,15,16.0,29.39,0.33
1351624198,48.7,222,10,17.0,29.39,0.33
1351624498,48.7,214,7,14.0,29.39,0.33
1351624802,48.8,245,8,14.0,29.39,0.33
1351625100,48.8,226,8,9.0,29.39,0.33
1351625398,48.8,217,11,16.0,29.39,0.33
1351625698,48.8,222,9,12.0,29.39,0.33
1351625999,48.9,224,11,15.0,29.39,0.33
1351626282,48.9,212,10,11.0,29.39,0.33
1351626601,48.8,203,14,17.0,29.39,0.33
1351626900,48.8,232,12,17.0,29.41,0.33
1351627194,48.9,194,5,8.0,29.41,0.33
1351627498,48.9,207,15,15.0,29.41,0.33
1351627799,48.9,239,13,14.0,29.41,0.33
1351628097,48.9,200,7,12.0,29.41,0.33
1351628402,48.8,203,16,21.0,29.41,0.33
1351628701,48.8,231,10,23.0,29.41,0.33
1351628998,48.9,231,7,14.0,29.41,0.33
1351629298,48.9,210,3,8.0,29.41,0.33
1351629598,48.9,222,6,12.0,29.41,0.33
1351629900,49,222,10,11.0,29.41,0.33
1351630200,49,204,6,7.0,29.41,0.33
1351630498,48.9,245,8,14.0,29.41,0.33
1351630798,48.9,215,13,22.0,29.43,0.33
1351631100,48.9,240,12,17.0,29.43,0.33
1351631400,48.8,228,16,22.0,29.43,0.33
1351631699,48.8,207,10,10.0,29.43,0.33
1351631999,48.7,255,17,17.0,29.43,0.33
1351632299,48.6,243,10,13.0,29.43,0.33
1351632598,48.6,214,8,12.0,29.43,0.33
1351632899,48.6,210,14,16.0,29.43,0.33
1351633199,48.6,266,10,10.0,29.43,0.33
1351633498,48.4,231,5,9.0,29.43,0.33
1351633799,48.2,224,8,9.0,29.43,0.33
1351634100,48,267,5,8.0,29.43,0.33
1351634398,47.8,217,9,12.0,29.45,0.33
1351634698,47.7,242,5,7.0,29.45,0.33
1351635000,47.5,226,6,12.0,29.45,0.33
1351635298,47.5,240,5,6.0,29.45,0.33
1351635598,47.3,228,4,5.0,29.45,0.33
1351635901,47.2,225,6,10.0,29.45,0.33
1351636198,47.2,245,3,4.0,29.45,0.33
1351636499,47.3,233,4,6.0,29.45,0.33
1351636800,47.3,258,8,9.0,29.45,0.33
1351637098,47.5,240,4,6.0,29.45,0.33
1351637415,47.6,252,6,11.0,29.45,0.33
1351637692,47.7,231,4,8.0,29.45,0.33
1351637998,47.7,249,6,9.0,29.47,0.33
1351638300,47.8,242,9,10.0,29.47,0.33
1351638602,47.8,246,5,6.0,29.47,0.33
1351638900,47.9,217,9,14.0,29.47,0.33
1351639200,47.9,231,11,14.0,29.47,0.33
1351639500,47.8,228,6,12.0,29.47,0.33
1351639800,47.6,224,7,9.0,29.47,0.33
1351640097,47.3,243,6,9.0,29.47,0.33
1351640401,47.1,262,7,10.0,29.47,0.33
1351640700,46.9,238,9,14.0,29.47,0.33
1351640999,46.8,252,4,8.0,29.47,0.33
1351641301,46.6,249,8,9.0,29.47,0.33
1351641599,46.5,255,9,9.0,29.49,0.33
1351641901,46.4,246,3,6.0,29.49,0.33
1351642201,46.2,262,6,10.0,29.49,0.33
1351642496,46.2,257,7,7.0,29.49,0.33
1351642799,46.2,244,6,9.0,29.49,0.33
1351643099,46.1,219,5,8.0,29.49,0.33
1351643398,46.1,246,9,9.0,29.49,0.33
1351643699,46.1,288,4,6.0,29.49,0.33
1351644001,46,233,7,8.0,29.49,0.33
1351644300,45.9,245,8,8.0,29.49,0.33
1351644601,45.8,266,6,10.0,29.49,0.33
1351644899,45.6,222,6,7.0,29.49,0.33
1351645199,45.5,255,3,6.0,29.50,0.33
1351645501,45.3,263,5,6.0,29.50,0.33
1351645799,45.1,255,7,10.0,29.50,0.33
1351646101,45,246,4,4.0,29.50,0.33
1351646400,44.9,259,3,7.0,29.50,0.33
1351646700,44.8,271,4,6.0,29.50,0.33
1351646997,44.7,252,7,10.0,29.50,0.33
1351647299,44.7,266,5,10.0,29.50,0.33
1351647599,44.7,239,4,7.0,29.50,0.33
1351647899,44.7,269,3,7.0,29.50,0.33
1351648200,44.7,212,5,9.0,29.50,0.33
1351648500,44.7,248,6,6.0,29.50,0.33
1351648800,44.6,248,2,4.0,29.50,0.33
1351649099,44.6,249,2,4.0,29.50,0.33
1351649396,44.5,242,5,5.0,29.50,0.33
1351649698,44.5,224,6,6.0,29.50,0.33
1351649998,44.3,255,3,6.0,29.50,0.33
1351650298,44.2,246,3,5.0,29.50,0.33
1351650595,44,257,5,6.0,29.50,0.33
1351650899,44,252,4,4.0,29.50,0.33
1351651197,44,274,3,3.0,29.50,0.33
1351651499,44,224,4,6.0,29.50,0.33
1351651800,44,243,3,3.0,29.50,0.33
1351652099,44,239,7,8.0,29.50,0.33
1351652398,44.1,249,6,9.0,29.51,0.33
1351652700,44.1,243,4,6.0,29.51,0.33
1351652999,44,246,5,7.0,29.51,0.33
1351653300,43.9,228,4,7.0,29.51,0.33
1351653600,43.8,252,8,8.0,29.51,0.33
1351653900,43.7,264,6,8.0,29.51,0.33
1351654199,43.6,248,6,7.0,29.51,0.33
1351654499,43.5,246,4,6.0,29.51,0.33
1351654800,43.5,256,6,7.0,29.51,0.33
1351655099,43.5,278,5,6.0,29.51,0.33
1351655397,43.5,252,4,7.0,29.51,0.33
1351655700,43.3,285,3,5.0,29.51,0.33
1351655999,43.3,246,3,4.0,29.51,0.00
1351656297,43.2,241,2,4.0,29.51,0.00
1351656601,43.1,256,4,5.0,29.51,0.00
1351656899,43,222,3,4.0,29.51,0.00
1351657201,42.9,240,2,2.0,29.51,0.00
1351657497,42.9,224,2,3.0,29.51,0.00
1351657800,42.8,243,3,3.0,29.51,0.00
1351658100,42.8,252,2,2.0,29.51,0.00
1351658397,42.7,266,1,1.0,29.51,0.00
1351658700,42.6,235,1,1.0,29.51,0.00
1351658999,42.6,255,2,2.0,29.51,0.00
1351659297,42.5,245,1,2.0,29.51,0.00
1351659598,42.5,248,0,0,29.51,0.00
1351659897,42.5,246,0,1.0,29.51,0.00
1351660200,42.4,249,1,1.0,29.51,0.00
1351660500,42.5,249,0,0,29.51,0.00
1351660800,42.4,249,0,0,29.51,0.00
1351661100,42.3,248,0,0,29.51,0.00
1351661401,42.2,248,0,1.0,29.51,0.00
1351661699,42.2,248,0,0,29.51,0.00
1351661998,42.2,249,0,0,29.51,0.00
1351662301,42.1,249,1,1.0,29.51,0.00
1351662600,42,249,0,0,29.51,0.00
1351662899,41.9,250,0,0,29.51,0.00
1351663199,41.8,249,0,0,29.50,0.00
1351663500,41.8,249,0,0,29.50,0.00
1351663797,41.8,249,0,0,29.50,0.00
1351664099,41.8,250,0,0,29.50,0.00
1351664400,41.8,249,0,0,29.50,0.00
1351664700,41.9,249,0,1.0,29.50,0.00
1351664998,42,248,0,1.0,29.50,0.00
1351665301,42.2,221,0,1.0,29.50,0.00
1351665600,42.4,229,2,2.0,29.50,0.00
1351665900,42.5,233,1,1.0,29.50,0.00
1351666201,42.7,218,1,2.0,29.50,0.00
1351666499,42.8,248,2,2.0,29.50,0.00
1351666793,42.9,256,1,2.0,29.51,0.00
1351667099,43,254,2,3.0,29.51,0.00
1351667400,43,255,2,2.0,29.51,0.00
1351667699,43.1,252,1,2.0,29.51,0.00
1351668000,43.2,243,1,2.0,29.51,0.00
1351668299,43.2,251,1,1.0,29.51,0.00
1351668600,43.3,254,1,1.0,29.51,0.00
1351668900,43.4,246,2,2.0,29.51,0.00
1351669200,43.5,237,1,1.0,29.51,0.00
1351669501,43.6,246,3,3.0,29.51,0.00
1351669799,43.6,256,2,5.0,29.51,0.00
1351670101,43.7,250,3,3.0,29.51,0.00
1351670400,43.7,259,3,5.0,29.51,0.00
1351670701,43.7,257,2,3.0,29.51,0.00
1351671000,43.8,239,3,4.0,29.51,0.00
1351671301,43.8,262,2,4.0,29.51,0.00
1351671601,43.7,240,2,3.0,29.51,0.00
1351671899,43.7,252,2,2.0,29.51,0.00
1351672198,43.6,242,3,3.0,29.51,0.00
1351672500,43.5,287,2,3.0,29.51,0.00
1351672800,43.4,267,3,3.0,29.51,0.00
1351673100,43.2,277,2,4.0,29.51,0.00
1351673401,43.2,277,2,3.0,29.51,0.00
1351673700,43.1,276,1,2.0,29.51,0.00
1351673999,43.1,231,3,3.0,29.52,0.00
1351674300,43.2,246,2,3.0,29.52,0.00
1351674600,43.3,255,2,4.0,29.52,0.00
1351674898,43.3,250,3,3.0,29.52,0.00
1351675199,43.3,243,2,2.0,29.52,0.00
1351675500,43.3,246,1,2.0,29.52,0.00
1351675800,43.3,233,1,3.0,29.52,0.00
1351676099,43.3,257,1,2.0,29.52,0.00
1351676402,43.3,243,2,3.0,29.52,0.00
1351676699,43.4,224,1,2.0,29.52,0.00
1351677000,43.3,229,2,3.0,29.52,0.00
1351677299,43.3,224,1,2.0,29.52,0.00
1351677598,43.3,235,1,1.0,29.54,0.00
1351677901,43.2,246,2,3.0,29.54,0.00
1351678201,43.2,235,3,3.0,29.54,0.00
1351678497,43.2,254,2,2.0,29.54,0.00
1351678800,43.2,254,2,2.0,29.54,0.00
1351679100,43.1,245,3,3.0,29.54,0.00
1351679399,43.1,256,3,4.0,29.54,0.00
1351679700,43.2,258,2,3.0,29.54,0.00
1351680001,43.2,244,3,4.0,29.54,0.00
1351680300,43.1,242,5,5.0,29.54,0.00
1351680602,43.1,259,4,5.0,29.54,0.00
1351680901,42.9,255,3,4.0,29.54,0.00
1351681197,42.7,267,5,5.0,29.55,0.00
1351681501,42.5,267,2,4.0,29.55,0.00
1351681799,42.3,266,3,5.0,29.55,0.00
1351682097,42.2,256,2,4.0,29.55,0.00
1351682400,42,243,4,6.0,29.55,0.00
1351682699,41.9,241,4,5.0,29.55,0.00
1351682998,42,254,3,4.0,29.55,0.00
1351683300,42,260,2,3.0,29.55,0.00
1351683601,42,243,3,3.0,29.55,0.00
1351683899,42.2,253,3,3.0,29.55,0.00
1351684199,42.4,248,2,4.0,29.55,0.00
1351684499,42.5,259,3,3.0,29.55,0.00
1351684799,42.7,252,4,4.0,29.57,0.00
1351685101,42.8,239,2,3.0,29.57,0.00
1351685400,42.9,255,2,4.0,29.57,0.00
1351685698,43,226,2,2.0,29.57,0.00
1351686000,43.1,252,2,2.0,29.57,0.00
1351686298,43.1,243,2,2.0,29.57,0.00
1351686599,43.3,281,1,2.0,29.57,0.00
1351686899,43.5,244,3,4.0,29.57,0.00
1351687199,43.9,248,2,3.0,29.57,0.00
1351687499,44.3,270,3,4.0,29.57,0.00
1351687801,44.5,285,5,6.0,29.57,0.00
1351688100,44.7,239,6,7.0,29.57,0.00
1351688395,44.7,262,3,4.0,29.58,0.00
1351688701,44.8,264,4,6.0,29.58,0.00
1351689000,44.8,239,3,5.0,29.58,0.00
1351689297,44.9,274,6,10.0,29.58,0.00
1351689600,45,249,7,9.0,29.58,0.00
1351689900,45.1,276,3,3.0,29.58,0.00
1351690197,45.5,290,6,7.0,29.58,0.00
1351690499,45.4,304,3,8.0,29.58,0.00
1351690798,45.6,269,8,8.0,29.58,0.00
1351691100,45.5,288,4,5.0,29.58,0.00
1351691401,45.6,269,7,10.0,29.58,0.00
1351691699,45.8,265,4,7.0,29.58,0.00
1351691995,46.1,281,5,6.0,29.59,0.00
1351692299,46.5,261,4,6.0,29.59,0.00
1351692597,46.8,284,7,12.0,29.59,0.00
1351692897,46.9,291,3,7.0,29.59,0.00
1351693199,47.3,285,9,10.0,29.59,0.00
1351693500,47.5,273,10,14.0,29.59,0.00
1351693798,48.1,241,4,9.0,29.59,0.00
1351694097,48.5,264,9,12.0,29.59,0.00
1351694399,49.1,255,7,14.0,29.59,0.00
1351694698,49.1,270,6,9.0,29.59,0.00
1351695000,49.5,290,9,14.0,29.59,0.00
1351695301,49.3,238,6,11.0,29.59,0.00
1351695597,49,285,7,9.0,29.59,0.00
1351695900,48.8,294,7,10.0,29.59,0.00
1351696198,48.8,270,13,13.0,29.59,0.00
1351696501,48.5,294,9,11.0,29.59,0.00
1351696801,48.6,253,10,11.0,29.59,0.00
1351697100,48.9,249,8,9.0,29.59,0.00
1351697399,49.1,228,5,8.0,29.59,0.00
1351697700,49.1,297,8,8.0,29.59,0.00
1351697999,49.1,252,3,4.0,29.59,0.00
1351698299,49.8,271,6,7.0,29.59,0.00
1351698600,50.5,316,9,11.0,29.59,0.00
1351698900,50.8,276,6,6.0,29.59,0.00
1351699197,51,283,6,7.0,29.58,0.00
1351699497,50.6,267,13,14.0,29.58,0.00
1351699797,50.8,238,9,9.0,29.58,0.00
1351700099,51.1,272,16,16.0,29.58,0.00
1351700399,51,271,14,14.0,29.58,0.00
1351700699,50.7,288,11,12.0,29.58,0.00
1351700998,50.5,273,7,15.0,29.58,0.00
1351701296,50.4,254,10,13.0,29.58,0.00
1351701600,50.3,280,10,16.0,29.58,0.00
1351701900,50.5,280,10,12.0,29.58,0.00
1351702201,51,285,7,8.0,29.58,0.00
1351702498,51.5,250,14,16.0,29.58,0.00
1351702791,52.1,270,11,18.0,29.56,0.00
1351703096,52.2,278,5,11.0,29.56,0.00
1351703399,52.6,257,8,14.0,29.56,0.00
1351703698,52.8,267,8,9.0,29.56,0.00
1351703998,52.8,259,10,17.0,29.56,0.00
1351704299,52.5,276,5,11.0,29.56,0.00
1351704598,52.8,288,9,10.0,29.56,0.00
1351704899,52.8,271,9,11.0,29.56,0.00
1351705199,52.8,239,6,7.0,29.56,0.00
1351705497,53.2,297,12,12.0,29.56,0.00
1351705799,53.4,283,9,14.0,29.56,0.00
1351706098,53.2,274,6,14.0,29.56,0.00
1351706396,53.1,244,11,15.0,29.56,0.00
1351706699,53,231,12,12.0,29.56,0.00
1351706999,52.8,293,11,12.0,29.56,0.00
1351707298,52.6,219,11,11.0,29.56,0.00
1351707598,52.4,288,12,14.0,29.56,0.00
1351707898,52.2,277,6,12.0,29.56,0.00
1351708198,52.1,276,4,6.0,29.56,0.00
1351708498,51.8,259,6,11.0,29.56,0.00
1351708799,51.7,280,10,11.0,29.56,0.00
1351709100,51.4,295,5,6.0,29.56,0.00
1351709401,51.3,283,5,7.0,29.56,0.00
1351709699,51.1,278,5,8.0,29.56,0.00
1351709997,51,258,6,9.0,29.56,0.00
1351710294,51.1,290,6,8.0,29.56,0.00
1351710600,51.2,294,3,8.0,29.56,0.00
1351710899,51.2,274,4,4.0,29.56,0.00
1351711199,51,252,5,9.0,29.56,0.00
1351711499,51.1,264,4,7.0,29.56,0.00
1351711799,50.9,277,12,12.0,29.56,0.00
1351712101,50.8,251,10,11.0,29.56,0.00
1351712400,50.8,280,3,6.0,29.56,0.00
1351712697,50.9,290,6,11.0,29.56,0.00
1351713000,51,274,6,8.0,29.56,0.00
1351713293,51,309,6,8.0,29.56,0.00
1351713598,50.9,285,5,6.0,29.56,0.00
1351713899,50.8,270,8,8.0,29.56,0.00
1351714197,50.8,267,7,9.0,29.57,0.00
1351714499,50.8,246,3,4.0,29.57,0.00
1351714800,50.8,246,3,8.0,29.57,0.00
1351715099,50.8,245,5,7.0,29.57,0.00
1351715395,50.8,267,4,5.0,29.57,0.00
1351715700,50.7,267,6,7.0,29.57,0.00
1351716000,50.5,239,1,4.0,29.57,0.00
1351716296,50.4,270,7,8.0,29.57,0.00
1351716599,50.3,272,1,3.0,29.57,0.00
1351716898,50.2,287,5,5.0,29.57,0.00
1351717196,50.2,297,4,4.0,29.57,0.00
1351717503,50.2,263,3,3.0,29.58,0.00
1351717799,50.1,271,1,3.0,29.58,0.00
1351718099,50.1,255,2,2.0,29.58,0.00
1351718400,50.1,231,3,3.0,29.58,0.00
1351718701,50,249,3,3.0,29.58,0.00
1351718997,50,252,2,2.0,29.58,0.00
1351719298,50,241,1,1.0,29.58,0.00
1351719600,50,257,1,2.0,29.58,0.00
1351719899,49.9,242,1,1.0,29.58,0.00
1351720200,49.9,251,2,2.0,29.58,0.00
1351720501,49.8,250,1,2.0,29.58,0.00
1351720796,49.6,255,1,1.0,29.60,0.00
1351721099,49.6,231,1,2.0,29.60,0.00
1351721400,49.5,248,1,2.0,29.60,0.00
1351721698,49.4,225,1,2.0,29.60,0.00
1351721999,49.2,207,1,1.0,29.60,0.00
1351722299,48.8,200,0,1.0,29.60,0.00
1351722598,48.6,201,0,1.0,29.60,0.00
1351722901,48.4,204,0,1.0,29.60,0.00
1351723201,48.3,205,1,1.0,29.60,0.00
1351723495,48.1,204,1,1.0,29.60,0.00
1351723800,48.1,221,1,1.0,29.60,0.00
1351724102,48.1,222,1,1.0,29.60,0.00
1351724393,48,221,1,1.0,29.62,0.00
1351724700,48,232,1,1.0,29.62,0.00
1351725000,48,228,1,1.0,29.62,0.00
1351725299,47.8,225,0,0,29.62,0.00
1351725599,47.7,229,0,1.0,29.62,0.00
1351725901,47.7,249,1,2.0,29.62,0.00
1351726199,47.7,248,1,1.0,29.62,0.00
1351726501,47.8,236,0,1.0,29.62,0.00
1351726798,47.9,222,0,0,29.62,0.00
1351727096,47.7,219,1,1.0,29.62,0.00
1351727400,47.7,219,1,2.0,29.62,0.00
1351727701,47.5,222,1,1.0,29.62,0.00
1351727998,47.5,248,2,2.0,29.62,0.00
1351728299,47.5,257,1,1.0,29.62,0.00
1351728599,47.6,246,1,1.0,29.62,0.00
1351728898,47.6,250,0,1.0,29.62,0.00
1351729201,47.5,245,1,1.0,29.62,0.00
1351729500,47.3,260,0,1.0,29.62,0.00
1351729799,47.1,260,1,1.0,29.62,0.00
1351730097,47,246,0,1.0,29.62,0.00
1351730400,46.9,249,0,1.0,29.62,0.00
1351730734,46.8,249,1,1.0,29.62,0.00
1351731000,46.8,233,0,0,29.62,0.00
1351731299,46.8,233,0,0,29.62,0.00
1351731599,46.8,235,1,1.0,29.63,0.00
